{"cameraMode":{"drawMode":0,"name":"Shaded","section":"Shading Mode"},"sceneLighting":false,"audioPlay":false,"sceneViewState":{"showFog":true,"showMaterialUpdate":false,"showSkybox":true,"showFlares":true,"showImageEffects":true,"showParticleSystems":true},"in2DMode":false,"pivot":{"x":-20.420061111450197,"y":-7.043278694152832,"z":68.48713684082031},"rotation":{"x":-0.30611056089401247,"y":-0.45317578315734866,"z":0.16920062899589539,"w":-0.8199590444564819},"size":2.6924641132354738,"orthographic":false}