{"cameraMode":{"drawMode":0,"name":"Shaded","section":"Shading Mode"},"sceneLighting":false,"audioPlay":false,"sceneViewState":{"showFog":true,"showMaterialUpdate":false,"showSkybox":true,"showFlares":true,"showImageEffects":true,"showParticleSystems":true},"in2DMode":false,"pivot":{"x":-79.23394775390625,"y":-13.452260971069336,"z":36.53850555419922},"rotation":{"x":0.0008338791667483747,"y":0.9499707221984863,"z":0.0025582441594451668,"w":-0.3123878836631775},"size":1.8765381574630738,"orthographic":false}