{"cameraMode":{"drawMode":0,"name":"Shaded","section":"Shading Mode"},"sceneLighting":false,"audioPlay":false,"sceneViewState":{"showFog":true,"showMaterialUpdate":false,"showSkybox":false,"showFlares":true,"showImageEffects":true,"showParticleSystems":true},"in2DMode":false,"pivot":{"x":-0.045313239097595218,"y":-0.25942379236221316,"z":0.01774194836616516},"rotation":{"x":-0.30611056089401247,"y":-0.45317578315734866,"z":0.16920062899589539,"w":-0.8199590444564819},"size":1.5930702686309815,"orthographic":false}